,label,result
0,常住人口（万人）,0.08314079363157784
1,"人口密度
（人/平方千米）",0.08664124895249038
2,户数（万户）,0.08736480572596807
3,每户平均人口（人）,0.07880282298192255
4,"城市居民人均
可支配收入（元）",0.08106191727858636
5,"城市镇居民人均
消费支出（元）",0.07701557733758906
6,"一般公共财政支出
（亿元）",0.07580319511092105
7,"城市基础设施投资额
（亿元）",0.08929018740952682
8,城市人口密度,0.08478873183762596
9,"城市建成区
绿化覆盖率(%)",0.08922766929587461
10,"地方生产总值
（亿元）",0.08218877873482017
11,人均生产总值（元）,0.08467427170309705
