,label,result
0,"一般公共财政支出
（亿元）",0.11852117293749678
1,"城市基础设施投资额
（亿元）",0.124093452388538
2,城市人口密度,0.11882150861486784
3,"城市建成区
绿化覆盖率(%)",0.11515273432906421
4,"地方生产总值
（亿元）",0.08963418368464829
5,人均生产总值（元）,0.10474882223215494
6,"第一产业生产总值
（亿元）",0.1278973714241966
7,"第二产业生产总值
（亿元）",0.10392125316558398
8,"第三产业生产总值
（亿元）",0.09720950122344929
